﻿Student number,Surname,Initials,Final mark,Class
16138201,ATWOOD,BJ,73.27,E
16007530,BASSON,WC,44.18,E
16764773,BESSA,LW,49.1,E
15991733,BESTER,C,67.44,A
16127447,BLOM,PJ,42.52,A
15472108,BOOYSEN,S,53.75,A
15988880,BOSHOFF,M,53.25,E
16152174,BOTHA,A,48.8,A
16157141,BOTHA,B,62.79,E
15706966,BREDELL,AB,59.8,E
15290395,BREWS,L,49,E
16158725,BREYTENBACH,TA,59.17,A
15846377,BRUCE,RAB,45.63,A
15855546,CAROLISSEN,C,40,E
15753786,CILLIE,M,45.55,E
16188128,CLARKE,JP,71.62,A
16242874,CLOETE,BP,60.44,E
15486443,COETZEE,ST,61.13,A
16257294,CORNHILL,D,59.67,E
16077288,DAY,SB,79.97,E
15656950,DE KOCK,L,63.03,E
16034872,DE VILLIERS,M,42.92,E
16235487,DE WAAL,S,54.97,E
16256859,DEGENAAR,T,16.34,E
16268695,DEMPERS,B,49.36,A
15187179,DIFFORD,GF,83.3,E
15958973,DLAMINI,MM,67.83,A
16321057,DRIEMEYER,HJ,56.36,E
16217861,DU PISANIE,L,59.46,E
15659461,DU PLESSIS,CJ,40,E
16069498,DU PLESSIS,E,58.03,E
16077520,DU TOIT,K,66.05,A
15966011,DUZE,PP,50.29,E
15993574,EHLERS,JL,68.5,A
16173163,ENGELBRECHT,MN,61.37,A
15158853,ENGELBRECHT,WD,55.57,E
16011929,ERASMUS,JC,45.65,A
15790975,FILLIES,MM,37.36,E
15074978,FISHER,BV,46.57,A
16042476,FLORENTINO,B,44.18,E
15670643,FORBES,O,73.97,E
16144333,GREEFF,E,70.74,E
15578305,GREEFF,MM,33.17,E
16319869,GUMEDE,M,63.45,E
15524949,HANSEN,S,56.44,A
14172682,HEUNIS,W,62.25,A
15998878,JANSSEN,C,64.91,E
15462919,JEFFERY,R,24.72,A
15707482,JOAO,S,81.27,E
15437574,JOHNSTONE,JM,31.01,A
15078507,JOUBERT,J,67.5,A
15756270,JUBA,R,43.05,A
16061799,KIRKBY,CE,72.42,A
16034694,KIRSTEIN,DL,65.02,E
16010132,KOCH,B,48.16,E
15662276,LABUSCHAGNE,FE,58.39,E
16186869,LAING,M,77.54,E
16166248,LE ROUX,GC,49.07,E
15990494,LIEBENBERG,M,58.77,E
16196287,MAKASI,TN,76.13,E
14667924,MALHERBE,CS,60.42,E
16252845,MARTIN,CJ,42.79,A
16042697,MITCHELL,CS,62.22,A
15995402,MÖLLER,Z,56.48,A
15702456,MÖNNIG,J,42.79,A
16231147,MONYAMANE,MS,62.95,E
16056582,MOORE,R,46.76,E
16039424,MOSTERT,I,67.67,A
16016777,MULLER,GF,56.29,E
16040325,MULLER,K,91.71,E
16010590,MULLER,MM,88.3,E
16220633,MYLREA,DW,52.32,E
15968596,NDYOKI,FP,84.98,E
16126424,NEETHLING,KE,71.2,E
16248007,NEL,CL,42.42,A
15657868,NEL,TF,71.46,E
15340732,NORVAL,L,46.53,E
16018192,NOWERS,N,83.66,E
16020456,OLIVIER,F,77.06,E
15741923,OOSTHUIZEN,AJ,76.97,A
15021459,OOSTHUIZEN,CA,48.91,E
16074017,PHILLIPS,AZ,91.56,A
16387732,POLLARD,AD,63.97,E
16240995,PRETORIUS,AM,53.45,E
15117014,PRIOR,AF,76.42,A
15645282,PRONK,R,76.11,E
15323315,RABIE,AA,33.4,E
15736822,RABIE,JF,51.66,E
16000382,RETIEF,FP,59.42,E
15633543,ROSSOUW,RA,43.48,A
16096010,RUSSOUW,A,37.13,E
16010876,SANVIDO,AS,50.4,A
16146565,SCHOEMAN,L,87.83,A
16380312,SEGONE,TM,84.96,E
16117301,SIEBERHAGEN,M,53.72,E
15720691,SMIT,FJ,18.72,A
14625229,STANLEY,NN,52.75,E
16115562,STEENKAMP,H,55.41,E
16017544,STEPHEN,DK,46.95,E
15665461,STEPHENS,MPL,48.6,E
15780635,STEYN,PAL,33.4,E
16171659,STEYN,PP,48.29,A
15829677,STEYN,SM,76.05,E
15859991,TAHULELA,PTM,60.78,E
16115627,THERON,JA,55.65,E
16399528,THUBANA,SN,75.08,E
16230094,TRUTER,PJ,42.97,A
16052358,TRUTER,ZD,63.05,E
16198263,VAN DER MERWE,DA,67.94,E
16075994,VAN DER MERWE,G,39.6,A
16012801,VAN DER MERWE,PA,51.67,A
16925726,VAN DER MESCHT,M,66.54,A
16151933,VAN DER VYVER,L,83.4,E
15988678,VAN HEERDEN,MA,54.81,A
16057856,VAN JAARSVELD,A,77.04,E
15024083,VAN RENSBURG,R,72.24,E
15748723,VAN SCHOOR,AL,39.94,A
16113136,VAN WYK,RC,49.99,E
16065689,VAN ZYL,A,67.3,E
15988686,VAN ZYL,I,57.58,E
16003241,VAN ZYL,RD,61.64,E
16037804,VIVIERS,SF,59.31,A
16239369,WATKINS,TL,76.71,A
16070356,WILKINSON,GN,62.04,E
16083814,WISE,EA,71.82,E
16324773,ZONDI,WP,74.46,A
