Student number,Surname,Initials,Final mark,Class
15476227,AFONSO,L,47.72,E
15311279,ALBERTYN,F J H,57.52,A
15637913,ALEXANDER,L,90.68,E
15124150,BAM,A J,56.43,E
15829626,BARROW,S B,79.64,E
15412318,BECKER,F K,0,A
15675807,BEKKER,E,54.63,E
14860120,BENT,N,51.17,E
15614824,BOSMAN,S C,90.03,E
14802139,BOTHA,J,51.06,A
15319164,BREDELL,J P ,52.06,E
15327795,BRINK,W A,63.67,A
15783863,BURGER,F A,42.4,A
15443752,BUYS,W Y,64.83,E
15759954,CAMPBELL,C D C,59.15,A
15486443,COETZEE,S T,0,E
15654311,CROUS,A,68.14,E
15258807,DAMANE,L D,68.2,A
15683257,DAVEL,A,71.61,A
15481506,DE KLERK,C J,51.04,A
14877384,DE KLERK,D,73.63,E
15834387,DE VOS,N M D,72.52,E
15476340,DE WET,A,72.85,E
15867498,DE WET,S L,51.49,A
15176851,DLAMINI,M,0,E
15659461,DU PLESSIS                    ,C J,0,E
15779262,DU PLESSIS                    ,R J,76.14,A
15308170,DUNCAN,M S,66.19,A
15966011,DUZE,P P,41.75,A
15637301,EKSTEEN,L L,61.82,A
15750019,ELS,P D,51.86,A
15158853,ENGELBRECHT,W D,0,E
15669610,ERASMUS,L M,80.87,A
15615138,ERASMUS,S W,88.64,A
15174018,FINNIS,S L,48.04,A
15777111,FITZHENRY,L B,59.47,E
14962608,FOURIE,M,48.67,E
13418041,FOURIE,R B,62.58,E
15527239,GELDENHUYS,M,65.48,A
15046591,GERBER,M E,67.19,A
15668304,GIDDEY,K F,66.22,A
15643263,HAASBROEK,H C,66.87,A
15714098,HAASBROEK,P N,50.37,A
15461041,HAVENGA,C C,61.23,E
15607224,HENNIG,N,83.36,E
15046699,HEUNIS,G F,56.96,E
15408639,HITE,A H,49.06,E
15777421,HOMENI,N M,60.21,A
15678415,HOUGAARD,A G,85.68,E
14579650,ISAACS,L N,49.51,A
15966208,JAMA,M P,55.8,E
15462919,JEFFERY,R J,0,A
15689344,JOHANNES,C L,56.92,E
15437574,JOHNSTONE,J M ,0,E
15431541,JORDAAN,J,52.53,A
15161684,JOYNER,J M,83.06,E
15598632,JURGENS,N,56.42,A
15949095,KATTUKKANAL,M R,62.57,A
14880547,KEET ,T O,56.44,E
15598233,KNOETZE,M C,87.7,E
15859010,KONINGS,K M,73.55,E
15898334,KOTZE,C J,64.41,A
15671062,KRITZINGER,H,72,E
15033260,KROG,N L,74.49,A
15660559,KRUGER,L,65.18,A
15478823,KUNENE,N H,54.65,A
15637069,KUYS,D,66.73,A
15721469,LAURIE,N F,77.46,A
15671828,LE ROUX,A A,67.91,E
15657965,LEICHER,R K,63.32,A
14824353,LOUW,J M,0,E
15656365,LOUW,V D,52.54,A
15384616,LOUW,W F,48.49,E
15016382,LYONS,A C,40,E
15435172,MAHLOBO,B T,64.84,E
15666980,MALAN,K,77.84,E
15966348,MAQEDA,S,50.25,E
15765814,MARAIS,C J F,49.03,E
15638588,MARAIS,M,60.51,A
15757900,MARTIN,N,62.61,E
15479544,MASTERS,P K,79.7,E
15142590,MCKIRDY,C,0,E
15610071,MCMILLAN,M J,70.67,E
15730158,MILLER,M R,74.6,E
14933551,MOSAKA,M B,53.6,E
15731480,MOUTON,J A,66.45,E
15582183,MSIZA,N P,73.2,A
15656403,MULLER,A,67.17,A
15709868,NEEDHAM,T,83.69,A
15685837,NEL,L,73.07,E
15618773,NELL,C,68.42,A
15263266,NHLEKO,M S,0,E
15691721,NORTH,M K,97.8,E
15372308,ODENDAAL,D ,50.03,A
14900963,OOSTHUIZEN                    ,DR,46.01,E
15704114,OOSTHUIZEN                    ,R,60.93,E
15617599,PELSER,L,48.24,A
15827429,PEREIRA,A,47.29,E
15756505,PRETORIUS,A,43.11,E
15120988,PRETORIUS,W S,47.42,A
15117014,PRIOR,A F,40,E
15351467,RABIE,C D,46.32,E
14942534,REECE,S G,68.86,A
15598705,ROLSTONE,F F,75.86,E
15778304,ROUX,G J,44.93,E
15406156,RUBOW,W,86.2,A
15860183,RUITERS,R,55.73,A
15189406,SASS,T,66.33,A
14438321,SCHAFFERS,I C,0,E
15744078,SCHEEPERS,G P,73,A
15483649,SCHOOMBIE,R E,72.23,A
15299805,SCHUURMAN,H,45.5,A
15686809,SHANGE,N B,63.89,E
15912493,SIBANDA,P P,75.26,E
15686582,SLABBER,J,59.69,E
15720691,SMIT,F J,45.67,E
15384020,SOLOMONS,R P,46.11,E
14855712,SPIES,K S,42.84,E
15680347,STALMANS,M D,75.79,A
15819469,STRAUSS,M,68.8,A
15349594,SWANEPOEL,L,64.17,A
15209792,SWANEPOEL,M,80.78,A
15627659,THORPE,P T,84.25,A
15041204,TILANUS,K,49.9,A
15662101,VAN DER HAM,I         ,82.9,A
15715361,VAN DER MERWE,E C,69.19,E
15719839,VAN DER MERWE,G J,86.13,E
15403335,VAN DER MERWE,J J,47.42,A
15616479,VAN RENSBURG,N C,59.48,A
15060314,VAN SCHALKWYK,J,80.49,A
15748723,VAN SCHOOR,A L,0,A
15687635,VAN ZYL,D J,52.35,E
15699536,VAN ZYL,D J,86.84,E
15678938,VAN ZYL,K,73.26,A
14676540,VAN ZYL,N S,61.3,E
15702375,VENTER,J L,59.02,E
15599876,VERSFELD,B,62.98,A
15138356,VIVIERS,H,43.62,A
15849260,VOLLGRAAFF,J C,56.04,A
15615936,VORSTER,U,58.05,E
15198162,WEGENER,A M,48.83,E
15618935,WEIGHTMAN,C J,88.33,A
15715396,WILLIAMS,N,75.66,E
15849390,YOUNG,V A,88.05,E
15897184,ZONDAGH,L,59.1,E
